gt_sample,pde_class,source,dim,variant,equation_unicode,equation_latex,equation_ascii,evidence_features,evidence_dim,evidence_num_method,evidence_phys_process,needs_review,review_reason,verified_by
Burgers_1,burgers,human,1D,inviscid,∂u/∂t + u ∂u/∂x = 0,\frac{\partial u}{\partial t} + u\frac{\partial u}{\partial x} = 0,du/dt + u*du/dx = 0,,,explicit,advection,0,,
Burgers_2,burgers,human,1D,inviscid,∂u/∂t + u ∂u/∂x = 0,\frac{\partial u}{\partial t} + u\frac{\partial u}{\partial x} = 0,du/dt + u*du/dx = 0,,,explicit,advection,0,,
Burgers_3,burgers,human,1D,inviscid,∂u/∂t + u ∂u/∂x = 0,\frac{\partial u}{\partial t} + u\frac{\partial u}{\partial x} = 0,du/dt + u*du/dx = 0,,,explicit,advection,0,,
Burgers_4,burgers,human,1D,inviscid,∂u/∂t + u ∂u/∂x = 0,\frac{\partial u}{\partial t} + u\frac{\partial u}{\partial x} = 0,du/dt + u*du/dx = 0,alpha,,explicit,advection,0,,
Burgers_5,burgers,synthetic,1D,inviscid,∂u/∂t + u ∂u/∂x = 0,\frac{\partial u}{\partial t} + u\frac{\partial u}{\partial x} = 0,du/dt + u*du/dx = 0,viscosity,,explicit,advection,0,,
Burgers_6,burgers,synthetic,1D,viscous,∂u/∂t + u ∂u/∂x = ν ∂²u/∂x²,\frac{\partial u}{\partial t} + u\frac{\partial u}{\partial x} = \nu \frac{\partial^2 u}{\partial x^2},du/dt + u*du/dx = nu * d2u/dx2,viscosity,,explicit,advection/diffusion,0,,
Burgers_7,burgers,synthetic,1D,viscous,∂u/∂t + u ∂u/∂x = ν ∂²u/∂x²,\frac{\partial u}{\partial t} + u\frac{\partial u}{\partial x} = \nu \frac{\partial^2 u}{\partial x^2},du/dt + u*du/dx = nu * d2u/dx2,viscosity,,explicit,advection/diffusion,0,,
Burgers_8,burgers,synthetic,2D,viscous,∂u/∂t + u ∂u/∂x + v ∂u/∂y = ν (∂²u/∂x² + ∂²u/∂y²),\frac{\partial u}{\partial t} + (\mathbf{u}\cdot\nabla)u = \nu \nabla^2 u,du/dt + u*du/dx + v*du/dy = nu * (d2u/dx2 + d2u/dy2),viscosity,meshgrid|Nx+Ny|y-grid|dy,explicit,advection/diffusion,0,,
Heat_1,heat,human,1D,std,∂u/∂t = α ∂²u/∂x²,\frac{\partial u}{\partial t} = \alpha \frac{\partial^2 u}{\partial x^2},du/dt = alpha * d2u/dx2,,,explicit,diffusion,0,,
Heat_2,heat,human,1D,std,∂u/∂t = α ∂²u/∂x²,\frac{\partial u}{\partial t} = \alpha \frac{\partial^2 u}{\partial x^2},du/dt = alpha * d2u/dx2,alpha,,explicit/implicit,diffusion,0,,
Heat_3,heat,human,1D,std,∂u/∂t = α ∂²u/∂x²,\frac{\partial u}{\partial t} = \alpha \frac{\partial^2 u}{\partial x^2},du/dt = alpha * d2u/dx2,,,explicit/implicit,diffusion,0,,
Heat_4,heat,human,1D,std,∂u/∂t = α ∂²u/∂x²,\frac{\partial u}{\partial t} = \alpha \frac{\partial^2 u}{\partial x^2},du/dt = alpha * d2u/dx2,,,explicit/implicit,diffusion,0,,
Heat_5,heat,synthetic,1D,std,∂u/∂t = α ∂²u/∂x²,\frac{\partial u}{\partial t} = \alpha \frac{\partial^2 u}{\partial x^2},du/dt = alpha * d2u/dx2,alpha,,explicit,diffusion,0,,
Heat_6,heat,synthetic,1D,std,∂u/∂t = α ∂²u/∂x²,\frac{\partial u}{\partial t} = \alpha \frac{\partial^2 u}{\partial x^2},du/dt = alpha * d2u/dx2,alpha,,implicit,diffusion,0,,
Heat_7,heat,synthetic,2D,std,∂u/∂t = α (∂²u/∂x² + ∂²u/∂y²),\frac{\partial u}{\partial t} = \alpha \nabla^2 u,du/dt = alpha * (d2u/dx2 + d2u/dy2),alpha,meshgrid|Nx+Ny|y-grid|dy,implicit,diffusion,0,,
Heat_8,heat,synthetic,2D,std,∂u/∂t = α (∂²u/∂x² + ∂²u/∂y²),\frac{\partial u}{\partial t} = \alpha \nabla^2 u,du/dt = alpha * (d2u/dx2 + d2u/dy2),alpha|spectral,meshgrid|kx+ky|Nx+Ny|2d-transform|y-grid,spectral,diffusion,0,,
NavierStokes_1,navier-stokes,human,2D,primitive,"∂u/∂t + (u·∇)u = −(1/ρ)∇p + ν ∇²u,   ∇·u = 0","\frac{\partial \mathbf{u}}{\partial t} + (\mathbf{u}\cdot\nabla)\mathbf{u} = -\frac{1}{\rho}\nabla p + \nu\nabla^2\mathbf{u},\quad \nabla\cdot\mathbf{u}=0","du/dt + (u.grad)u = -(1/rho)*grad(p) + nu*lap(u), div(u) = 0",pressure|viscosity,meshgrid|Nx+Ny|2d-stencil|dy,explicit,advection/diffusion,0,,
NavierStokes_2,navier-stokes,human,2D,primitive,"∂u/∂t + (u·∇)u = −(1/ρ)∇p + ν ∇²u,   ∇·u = 0","\frac{\partial \mathbf{u}}{\partial t} + (\mathbf{u}\cdot\nabla)\mathbf{u} = -\frac{1}{\rho}\nabla p + \nu\nabla^2\mathbf{u},\quad \nabla\cdot\mathbf{u}=0","du/dt + (u.grad)u = -(1/rho)*grad(p) + nu*lap(u), div(u) = 0",pressure|viscosity,meshgrid|Nx+Ny|2d-stencil|dy,explicit,advection/diffusion,0,,
NavierStokes_3,navier-stokes,human,2D,vorticity,"∂ω/∂t + (u·∇)ω = ν ∇²ω,   ∇²ψ = −ω","\frac{\partial \omega}{\partial t} + (\mathbf{u}\cdot\nabla)\omega = \nu\nabla^2\omega,\quad \nabla^2\psi = -\omega","dw/dt + (u.grad)w = nu*lap(w), lap(psi) = -w",spectral|viscosity,meshgrid,explicit/spectral,advection/diffusion,1,"spectral without an explicit pressure solve suggests vorticity-streamfunction, but the code names no streamfunction; confirm the formulation",
NavierStokes_4,navier-stokes,human,2D,vorticity,"∂ω/∂t + (u·∇)ω = ν ∇²ω,   ∇²ψ = −ω","\frac{\partial \omega}{\partial t} + (\mathbf{u}\cdot\nabla)\omega = \nu\nabla^2\omega,\quad \nabla^2\psi = -\omega","dw/dt + (u.grad)w = nu*lap(w), lap(psi) = -w",spectral|viscosity,kx+ky|Nx+Ny|2d-transform,explicit/implicit/spectral,advection/diffusion,0,,
NavierStokes_5,navier-stokes,synthetic,2D,primitive,"∂u/∂t + (u·∇)u = −(1/ρ)∇p + ν ∇²u,   ∇·u = 0","\frac{\partial \mathbf{u}}{\partial t} + (\mathbf{u}\cdot\nabla)\mathbf{u} = -\frac{1}{\rho}\nabla p + \nu\nabla^2\mathbf{u},\quad \nabla\cdot\mathbf{u}=0","du/dt + (u.grad)u = -(1/rho)*grad(p) + nu*lap(u), div(u) = 0",viscosity,y-grid|dy,explicit,diffusion/restoration,0,,
NavierStokes_6,navier-stokes,synthetic,2D,primitive,"∂u/∂t + (u·∇)u = −(1/ρ)∇p + ν ∇²u,   ∇·u = 0","\frac{\partial \mathbf{u}}{\partial t} + (\mathbf{u}\cdot\nabla)\mathbf{u} = -\frac{1}{\rho}\nabla p + \nu\nabla^2\mathbf{u},\quad \nabla\cdot\mathbf{u}=0","du/dt + (u.grad)u = -(1/rho)*grad(p) + nu*lap(u), div(u) = 0",viscosity,y-grid|dy,implicit,diffusion,0,,
NavierStokes_7,navier-stokes,synthetic,2D,primitive,"∂u/∂t + (u·∇)u = −(1/ρ)∇p + ν ∇²u,   ∇·u = 0","\frac{\partial \mathbf{u}}{\partial t} + (\mathbf{u}\cdot\nabla)\mathbf{u} = -\frac{1}{\rho}\nabla p + \nu\nabla^2\mathbf{u},\quad \nabla\cdot\mathbf{u}=0","du/dt + (u.grad)u = -(1/rho)*grad(p) + nu*lap(u), div(u) = 0",pressure|viscosity,meshgrid|Nx+Ny|y-grid|2d-stencil|dy,explicit/implicit,advection/diffusion,0,,
NavierStokes_8,navier-stokes,synthetic,2D,vorticity,"∂ω/∂t + (u·∇)ω = ν ∇²ω,   ∇²ψ = −ω","\frac{\partial \omega}{\partial t} + (\mathbf{u}\cdot\nabla)\omega = \nu\nabla^2\omega,\quad \nabla^2\psi = -\omega","dw/dt + (u.grad)w = nu*lap(w), lap(psi) = -w",spectral|viscosity,meshgrid|2d-transform|y-grid,explicit/spectral,advection/diffusion,0,,
Wave_1,wave,human,2D,std,∂²u/∂t² = c² (∂²u/∂x² + ∂²u/∂y²),\frac{\partial^2 u}{\partial t^2} = c^2 \nabla^2 u,d2u/dt2 = c**2 * (d2u/dx2 + d2u/dy2),,Nx+Ny|dy,explicit,oscillation/restoration,0,,
Wave_2,wave,human,1D,std,∂²u/∂t² = c² ∂²u/∂x²,\frac{\partial^2 u}{\partial t^2} = c^2 \frac{\partial^2 u}{\partial x^2},d2u/dt2 = c**2 * d2u/dx2,wave_speed,,explicit,oscillation/restoration,0,,
Wave_3,wave,human,1D,std,∂²u/∂t² = c² ∂²u/∂x²,\frac{\partial^2 u}{\partial t^2} = c^2 \frac{\partial^2 u}{\partial x^2},d2u/dt2 = c**2 * d2u/dx2,,,explicit/implicit,oscillation/restoration,0,,
Wave_4,wave,human,1D,std,∂²u/∂t² = c² ∂²u/∂x²,\frac{\partial^2 u}{\partial t^2} = c^2 \frac{\partial^2 u}{\partial x^2},d2u/dt2 = c**2 * d2u/dx2,spectral,,spectral,oscillation/restoration,0,,
Wave_5,wave,synthetic,1D,std,∂²u/∂t² = c² ∂²u/∂x²,\frac{\partial^2 u}{\partial t^2} = c^2 \frac{\partial^2 u}{\partial x^2},d2u/dt2 = c**2 * d2u/dx2,,,explicit,oscillation,0,,
Wave_6,wave,synthetic,1D,std,∂²u/∂t² = c² ∂²u/∂x²,\frac{\partial^2 u}{\partial t^2} = c^2 \frac{\partial^2 u}{\partial x^2},d2u/dt2 = c**2 * d2u/dx2,spectral,,spectral,oscillation,0,,
Wave_7,wave,synthetic,2D,damped,∂²u/∂t² + γ ∂u/∂t = c² (∂²u/∂x² + ∂²u/∂y²),\frac{\partial^2 u}{\partial t^2} + \gamma \frac{\partial u}{\partial t} = c^2 \nabla^2 u,d2u/dt2 + gamma*du/dt = c**2 * (d2u/dx2 + d2u/dy2),damping,meshgrid|Nx+Ny|y-grid|dy,explicit,oscillation/restoration,0,,
Wave_8,wave,synthetic,2D,damped,∂²u/∂t² + γ ∂u/∂t = c² (∂²u/∂x² + ∂²u/∂y²),\frac{\partial^2 u}{\partial t^2} + \gamma \frac{\partial u}{\partial t} = c^2 \nabla^2 u,d2u/dt2 + gamma*du/dt = c**2 * (d2u/dx2 + d2u/dy2),damping|wave_speed,meshgrid|Nx+Ny|y-grid|dy,implicit,oscillation,0,,
